{
  "model_type": "SubgoalConditionedMLP",
  "note": "Lightweight submission checkpoint trained from 100 synthetic demonstrations.",
  "state_dim": 16,
  "action_dim": 6,
  "subgoal_count": 12,
  "joint_names": [
    "base_yaw",
    "shoulder_pitch",
    "elbow_pitch",
    "wrist_pitch",
    "wrist_roll",
    "gripper"
  ],
  "subgoal_targets": {
    "0": [
      -0.12122166289963983,
      -0.20989921835704944,
      0.4356104399267633,
      -0.22179454342478466,
      -8.90113981852786e-05,
      0.3609813415923538
    ],
    "1": [
      -0.23529465066355498,
      -0.2029985665061143,
      0.42711417609782243,
      -0.2287585859389465,
      0.00038239770664277764,
      0.23243955339473635
    ],
    "2": [
      -0.008077154414188891,
      -0.19354057598686486,
      0.4147567697094802,
      -0.22215339378423551,
      -3.9282596265136774e-05,
      0.09959315952964216
    ],
    "3": [
      0.22155879245189625,
      -0.1601235495115606,
      0.37043237415607566,
      -0.30898367183545405,
      0.23676986531612984,
      0.09978622305464521
    ],
    "4": [
      -0.007484162442345451,
      -0.16935576071859476,
      0.3822294589699273,
      -0.30832481939610296,
      0.2224994360299753,
      0.09972522247695725
    ],
    "5": [
      -0.23535325202658336,
      -0.1884178123125444,
      0.40658483084617936,
      -0.2116500249811552,
      0.00010700420568444796,
      0.24614602777860137
    ],
    "6": [
      -0.11525410436332606,
      -0.17402780094586867,
      0.38449108883393557,
      -0.21716174907186164,
      0.00018203111158986846,
      0.37756974843325475
    ],
    "7": [
      -0.001239354915784881,
      -0.17844796928411308,
      0.39466538020204395,
      -0.2286527201132977,
      7.445700264478558e-05,
      0.2130528986947138
    ],
    "8": [
      0.10795919486217552,
      -0.18252386860698472,
      0.4033639077622725,
      -0.21658947055422498,
      8.231493762560481e-05,
      0.06639840388251478
    ],
    "9": [
      0.2101377306400796,
      -0.18603796611866574,
      0.4044160432359405,
      -0.23420189089892585,
      -2.1729111854241437e-05,
      0.06647039136163552
    ],
    "10": [
      0.10021338239001155,
      -0.17928773137845763,
      0.39198592189017084,
      -0.2435957807223494,
      -3.618921036713697e-05,
      0.2284433546468061
    ],
    "11": [
      -0.0010687002539689005,
      -0.1978084581026608,
      0.41698526116252754,
      -0.2286157959619376,
      0.00013741570707736676,
      0.3603534758056909
    ]
  },
  "hidden_layers": [
    192,
    192,
    96
  ],
  "activation": "relu",
  "best_val_loss": 0.0017454743150126907
}